actedin-inv, wrotemusicfor-inv, wascreatedondate, wascreatedonyear, directed-inv, islocatedin
actedin-inv, directed-inv, islocatedin, created-inv, skos:preflabel
actedin-inv, wascreatedondate, wascreatedonyear, directed-inv, edited-inv, created-inv
wascreatedonyear, islocatedin, skos:preflabel
actedin-inv, wascreatedondate, wascreatedonyear, directed-inv, islocatedin, created-inv
actedin-inv, wrotemusicfor-inv, directed-inv, islocatedin, skos:preflabel
wascreatedondate, wascreatedonyear, directed-inv, islocatedin, edited-inv
wrotemusicfor-inv, wascreatedondate, wascreatedonyear, directed-inv, edited-inv, created-inv
actedin-inv, wrotemusicfor-inv, wascreatedondate, wascreatedonyear, directed-inv, created-inv, skos:preflabel
actedin-inv, wrotemusicfor-inv, wascreatedonyear, directed-inv, islocatedin, edited-inv, created-inv
actedin-inv, wrotemusicfor-inv, directed-inv, edited-inv, created-inv, skos:preflabel
actedin-inv, wrotemusicfor-inv, islocatedin, created-inv, skos:preflabel
wrotemusicfor-inv, directed-inv, islocatedin, created-inv, skos:preflabel
